CALCIATORE,R CLASSIC,R MANTRA,QI,QA,Link,Squadra
GOLLINI,P,Por,14,14,//www.fantacalcio.it/squadre/Atalanta/GOLLINI/610,Atalanta
SPORTIELLO,P,Por,1,1,//www.fantacalcio.it/squadre/Atalanta/SPORTIELLO/4,Atalanta
ROSSI F,P,Por,1,1,//www.fantacalcio.it/squadre/Atalanta/ROSSI-F/2297,Atalanta
DJIMSITI,D,Dc,8,8,//www.fantacalcio.it/squadre/Atalanta/DJIMSITI/787,Atalanta
MASIELLO A,D,,7,7,//www.fantacalcio.it/squadre/Atalanta/MASIELLO-A/15,Atalanta
TOLOI,D,Dc,10,10,//www.fantacalcio.it/squadre/Atalanta/TOLOI/695,Atalanta
SKRTEL,D,Dc,8,8,//www.fantacalcio.it/squadre/Atalanta/SKRTEL/4516,Atalanta
CASTAGNE,D,E,14,14,//www.fantacalcio.it/squadre/Atalanta/CASTAGNE/2197,Atalanta
IBANEZ,D,Dc,2,2,//www.fantacalcio.it/squadre/Atalanta/IBANEZ/4331,Atalanta
RECA,D,,4,4,//www.fantacalcio.it/squadre/Atalanta/RECA/2739,Atalanta
HATEBOER,D,E,16,16,//www.fantacalcio.it/squadre/Atalanta/HATEBOER/2130,Atalanta
PALOMINO,D,Dc,9,9,//www.fantacalcio.it/squadre/Atalanta/PALOMINO/2181,Atalanta
GOSENS,D,E,15,15,//www.fantacalcio.it/squadre/Atalanta/GOSENS/2160,Atalanta
OKOLI,D,Dc,1,1,//www.fantacalcio.it/squadre/Atalanta/OKOLI/4432,Atalanta
VARNIER,D,Dc,3,3,//www.fantacalcio.it/squadre/Atalanta/VARNIER/2740,Atalanta
FREULER,C,C,13,13,//www.fantacalcio.it/squadre/Atalanta/FREULER/788,Atalanta
PESSINA,C,C,3,3,//www.fantacalcio.it/squadre/Atalanta/PESSINA/2741,Atalanta
DE ROON,C,,11,11,//www.fantacalcio.it/squadre/Atalanta/DE-ROON/22,Atalanta
PASALIC,C,,9,9,//www.fantacalcio.it/squadre/Atalanta/PASALIC/2077,Atalanta
COLLEY E,C,,1,1,//www.fantacalcio.it/squadre/Atalanta/COLLEY-E/4435,Atalanta
MALINOVSKYI,C,,11,11,//www.fantacalcio.it/squadre/Atalanta/MALINOVSKYI/4427,Atalanta
GOMEZ A,C,,26,26,//www.fantacalcio.it/squadre/Atalanta/GOMEZ-A/26,Atalanta
VALZANIA,C,C,5,5,//www.fantacalcio.it/squadre/Atalanta/VALZANIA/2742,Atalanta
ILICIC,A,A,25,25,//www.fantacalcio.it/squadre/Atalanta/ILICIC/177,Atalanta
CAMBIAGHI,A,A,1,1,//www.fantacalcio.it/squadre/Atalanta/CAMBIAGHI/4436,Atalanta
ZAPATA D,A,Pc,36,36,//www.fantacalcio.it/squadre/Atalanta/ZAPATA-D/608,Atalanta
BARROW,A,Pc,9,9,//www.fantacalcio.it/squadre/Atalanta/BARROW/2719,Atalanta
PICCOLI,A,Pc,1,1,//www.fantacalcio.it/squadre/Atalanta/PICCOLI/4359,Atalanta
MURIEL,A,Pc,17,17,//www.fantacalcio.it/squadre/Atalanta/MURIEL/507,Atalanta
DA COSTA,P,Por,1,1,//www.fantacalcio.it/squadre/Bologna/DA-COSTA/40,Bologna
SKORUPSKI,P,Por,9,9,//www.fantacalcio.it/squadre/Bologna/SKORUPSKI/133,Bologna
SARR M,P,Por,1,1,//www.fantacalcio.it/squadre/Bologna/SARR-M/42,Bologna
CALABRESI,D,,4,4,//www.fantacalcio.it/squadre/Bologna/CALABRESI/2745,Bologna
DIJKS,D,,8,8,//www.fantacalcio.it/squadre/Bologna/DIJKS/2746,Bologna
BANI,D,Dc,5,5,//www.fantacalcio.it/squadre/Bologna/BANI/2285,Bologna
DENSWIL,D,,7,7,//www.fantacalcio.it/squadre/Bologna/DENSWIL/4414,Bologna
TOMIYASU,D,,4,4,//www.fantacalcio.it/squadre/Bologna/TOMIYASU/4422,Bologna
DANILO LAR,D,Dc,8,8,//www.fantacalcio.it/squadre/Bologna/DANILO-LAR/578,Bologna
PAZ,D,,1,1,//www.fantacalcio.it/squadre/Bologna/PAZ/2747,Bologna
CORBO,D,Dc,1,1,//www.fantacalcio.it/squadre/Bologna/CORBO/4365,Bologna
MBAYE,D,,5,5,//www.fantacalcio.it/squadre/Bologna/MBAYE/50,Bologna
DZEMAILI,C,,8,8,//www.fantacalcio.it/squadre/Bologna/DZEMAILI/713,Bologna
POLI,C,,9,9,//www.fantacalcio.it/squadre/Bologna/POLI/374,Bologna
KREJCI,C,E,3,3,//www.fantacalcio.it/squadre/Bologna/KREJCI/1858,Bologna
SVANBERG,C,C,3,3,//www.fantacalcio.it/squadre/Bologna/SVANBERG/2744,Bologna
KINGSLEY,C,,2,2,//www.fantacalcio.it/squadre/Bologna/KINGSLEY/2835,Bologna
SORIANO,C,T,14,14,//www.fantacalcio.it/squadre/Bologna/SORIANO/2625,Bologna
FALLETTI,C,T,1,1,//www.fantacalcio.it/squadre/Bologna/FALLETTI/2210,Bologna
SCHOUTEN,C,,4,4,//www.fantacalcio.it/squadre/Bologna/SCHOUTEN/4393,Bologna
CANGIANO,A,A,1,1,//www.fantacalcio.it/squadre/Bologna/CANGIANO/4483,Bologna
DESTRO,A,Pc,19,19,//www.fantacalcio.it/squadre/Bologna/DESTRO/472,Bologna
PALACIO,A,A,13,13,//www.fantacalcio.it/squadre/Bologna/PALACIO/280,Bologna
ORSOLINI,A,,17,17,//www.fantacalcio.it/squadre/Bologna/ORSOLINI/2167,Bologna
SKOV OLSEN,A,A,8,8,//www.fantacalcio.it/squadre/Bologna/SKOV-OLSEN/4415,Bologna
JUWARA,A,A,1,1,//www.fantacalcio.it/squadre/Bologna/JUWARA/4368,Bologna
SANTANDER,A,Pc,12,12,//www.fantacalcio.it/squadre/Bologna/SANTANDER/2743,Bologna
FALCINELLI,A,Pc,6,6,//www.fantacalcio.it/squadre/Bologna/FALCINELLI/532,Bologna
SANSONE N,A,A,12,12,//www.fantacalcio.it/squadre/Bologna/SANSONE-N/537,Bologna
ALFONSO,P,Por,1,1,//www.fantacalcio.it/squadre/Brescia/ALFONSO/4440,Brescia
JORONEN,P,Por,6,6,//www.fantacalcio.it/squadre/Brescia/JORONEN/4425,Brescia
ANDRENACCI,P,Por,1,1,//www.fantacalcio.it/squadre/Brescia/ANDRENACCI/4441,Brescia
CISTANA,D,,7,7,//www.fantacalcio.it/squadre/Brescia/CISTANA/4442,Brescia
MARTELLA,D,,6,6,//www.fantacalcio.it/squadre/Brescia/MARTELLA/1896,Brescia
CHANCELLOR,D,Dc,5,5,//www.fantacalcio.it/squadre/Brescia/CHANCELLOR/4429,Brescia
MANGRAVITI,D,Dc,1,1,//www.fantacalcio.it/squadre/Brescia/MANGRAVITI/4504,Brescia
SEMPRINI,D,,2,2,//www.fantacalcio.it/squadre/Brescia/SEMPRINI/4444,Brescia
MAGNANI,D,Dc,6,6,//www.fantacalcio.it/squadre/Brescia/MAGNANI/2769,Brescia
GASTALDELLO,D,Dc,3,3,//www.fantacalcio.it/squadre/Brescia/GASTALDELLO/47,Brescia
SABELLI,D,,6,6,//www.fantacalcio.it/squadre/Brescia/SABELLI/791,Brescia
CURCIO,D,,2,2,//www.fantacalcio.it/squadre/Brescia/CURCIO/4443,Brescia
MATEJU,D,,5,5,//www.fantacalcio.it/squadre/Brescia/MATEJU/4373,Brescia
BISOLI,C,,9,9,//www.fantacalcio.it/squadre/Brescia/BISOLI/4445,Brescia
SPALEK,C,T,8,8,//www.fantacalcio.it/squadre/Brescia/SPALEK/4448,Brescia
ZMRHAL,C,,7,7,//www.fantacalcio.it/squadre/Brescia/ZMRHAL/4513,Brescia
NDOJ,C,C,7,7,//www.fantacalcio.it/squadre/Brescia/NDOJ/4447,Brescia
VIVIANI M,C,,1,1,//www.fantacalcio.it/squadre/Brescia/VIVIANI-M/4451,Brescia
MOROSINI,C,,8,8,//www.fantacalcio.it/squadre/Brescia/MOROSINI/2106,Brescia
TREMOLADA,C,T,1,1,//www.fantacalcio.it/squadre/Brescia/TREMOLADA/4450,Brescia
DESSENA,C,,4,4,//www.fantacalcio.it/squadre/Brescia/DESSENA/1872,Brescia
TONALI,C,,6,6,//www.fantacalcio.it/squadre/Brescia/TONALI/4449,Brescia
AYE',A,Pc,7,7,//www.fantacalcio.it/squadre/Brescia/AYE/4413,Brescia
TORREGROSSA,A,Pc,13,13,//www.fantacalcio.it/squadre/Brescia/TORREGROSSA/4453,Brescia
DONNARUMMA AL,A,Pc,16,16,//www.fantacalcio.it/squadre/Brescia/DONNARUMMA-AL/4452,Brescia
BALOTELLI,A,Pc,19,19,//www.fantacalcio.it/squadre/Brescia/BALOTELLI/696,Brescia
ARESTI,P,Por,1,1,//www.fantacalcio.it/squadre/Cagliari/ARESTI/1946,Cagliari
RAFAEL,P,Por,1,1,//www.fantacalcio.it/squadre/Cagliari/RAFAEL/611,Cagliari
CRAGNO,P,Por,11,11,//www.fantacalcio.it/squadre/Cagliari/CRAGNO/2178,Cagliari
CEPPITELLI,D,Dc,7,7,//www.fantacalcio.it/squadre/Cagliari/CEPPITELLI/1866,Cagliari
PINNA,D,,1,1,//www.fantacalcio.it/squadre/Cagliari/PINNA/4454,Cagliari
CACCIATORE,D,,7,7,//www.fantacalcio.it/squadre/Cagliari/CACCIATORE/99,Cagliari
MATTIELLO,D,,5,5,//www.fantacalcio.it/squadre/Cagliari/MATTIELLO/106,Cagliari
WALUKIEWICZ,D,Dc,3,3,//www.fantacalcio.it/squadre/Cagliari/WALUKIEWICZ/4374,Cagliari
LYKOGIANNIS,D,,4,4,//www.fantacalcio.it/squadre/Cagliari/LYKOGIANNIS/2653,Cagliari
ROMAGNA,D,Dc,5,5,//www.fantacalcio.it/squadre/Cagliari/ROMAGNA/2279,Cagliari
PELLEGRINI LU,D,,6,6,//www.fantacalcio.it/squadre/Cagliari/PELLEGRINI-LU/2728,Cagliari
KLAVAN,D,Dc,6,6,//www.fantacalcio.it/squadre/Cagliari/KLAVAN/2871,Cagliari
PISACANE,D,,4,4,//www.fantacalcio.it/squadre/Cagliari/PISACANE/1869,Cagliari
OLIVA,C,M,3,3,//www.fantacalcio.it/squadre/Cagliari/OLIVA/4327,Cagliari
NAINGGOLAN,C,,16,16,//www.fantacalcio.it/squadre/Cagliari/NAINGGOLAN/467,Cagliari
BIRSA,C,T,7,7,//www.fantacalcio.it/squadre/Cagliari/BIRSA/111,Cagliari
COLOMBATTO,C,,1,1,//www.fantacalcio.it/squadre/Cagliari/COLOMBATTO/2828,Cagliari
IONITA,C,,8,8,//www.fantacalcio.it/squadre/Cagliari/IONITA/627,Cagliari
CIGARINI,C,,6,6,//www.fantacalcio.it/squadre/Cagliari/CIGARINI/20,Cagliari
NANDEZ,C,,10,10,//www.fantacalcio.it/squadre/Cagliari/NANDEZ/4514,Cagliari
CASTRO,C,,13,13,//www.fantacalcio.it/squadre/Cagliari/CASTRO/112,Cagliari
FARAGO',C,,4,4,//www.fantacalcio.it/squadre/Cagliari/FARAGO/2116,Cagliari
ROG,C,C,10,10,//www.fantacalcio.it/squadre/Cagliari/ROG/2076,Cagliari
BRADARIC,C,,4,4,//www.fantacalcio.it/squadre/Cagliari/BRADARIC/2854,Cagliari
DEIOLA,C,C,2,2,//www.fantacalcio.it/squadre/Cagliari/DEIOLA/1871,Cagliari
HAN,A,Pc,4,4,//www.fantacalcio.it/squadre/Cagliari/HAN/2146,Cagliari
DESPODOV,A,A,3,3,//www.fantacalcio.it/squadre/Cagliari/DESPODOV/4333,Cagliari
RAGATZU,A,A,2,2,//www.fantacalcio.it/squadre/Cagliari/RAGATZU/4455,Cagliari
CERRI,A,Pc,5,5,//www.fantacalcio.it/squadre/Cagliari/CERRI/306,Cagliari
PAVOLETTI,A,Pc,26,26,//www.fantacalcio.it/squadre/Cagliari/PAVOLETTI/247,Cagliari
JOAO PEDRO,A,A,16,16,//www.fantacalcio.it/squadre/Cagliari/JOAO-PEDRO/1874,Cagliari
TERRACCIANO,P,Por,1,1,//www.fantacalcio.it/squadre/Fiorentina/TERRACCIANO/2815,Fiorentina
DRAGOWSKI,P,Por,11,11,//www.fantacalcio.it/squadre/Fiorentina/DRAGOWSKI/1917,Fiorentina
CEROFOLINI,P,Por,1,1,//www.fantacalcio.it/squadre/Fiorentina/CEROFOLINI/2294,Fiorentina
BRANCOLINI,P,Por,1,1,//www.fantacalcio.it/squadre/Fiorentina/BRANCOLINI/4351,Fiorentina
PEZZELLA GER,D,Dc,10,10,//www.fantacalcio.it/squadre/Fiorentina/PEZZELLA-GER/2309,Fiorentina
VENUTI,D,,4,4,//www.fantacalcio.it/squadre/Fiorentina/VENUTI/2174,Fiorentina
MILENKOVIC,D,,9,9,//www.fantacalcio.it/squadre/Fiorentina/MILENKOVIC/2164,Fiorentina
TERZIC,D,,1,1,//www.fantacalcio.it/squadre/Fiorentina/TERZIC/4375,Fiorentina
LIROLA,D,,11,11,//www.fantacalcio.it/squadre/Fiorentina/LIROLA/2006,Fiorentina
CECCHERINI,D,,5,5,//www.fantacalcio.it/squadre/Fiorentina/CECCHERINI/1891,Fiorentina
RASMUSSEN,D,Dc,2,2,//www.fantacalcio.it/squadre/Fiorentina/RASMUSSEN/2752,Fiorentina
BIRAGHI,D,,10,10,//www.fantacalcio.it/squadre/Fiorentina/BIRAGHI/252,Fiorentina
RANIERI L,D,,1,1,//www.fantacalcio.it/squadre/Fiorentina/RANIERI-L/4378,Fiorentina
ZURKOWSKI,C,C,6,6,//www.fantacalcio.it/squadre/Fiorentina/ZURKOWSKI/4376,Fiorentina
RIBERY,C,,19,19,//www.fantacalcio.it/squadre/Fiorentina/RIBERY/2409,Fiorentina
PULGAR,C,,12,12,//www.fantacalcio.it/squadre/Fiorentina/PULGAR/644,Fiorentina
CRISTOFORO,C,,3,3,//www.fantacalcio.it/squadre/Fiorentina/CRISTOFORO/2075,Fiorentina
MONTIEL,C,,1,1,//www.fantacalcio.it/squadre/Fiorentina/MONTIEL/4353,Fiorentina
CHIESA,C,,26,26,//www.fantacalcio.it/squadre/Fiorentina/CHIESA/2002,Fiorentina
CASTROVILLI,C,,7,7,//www.fantacalcio.it/squadre/Fiorentina/CASTROVILLI/4377,Fiorentina
EYSSERIC,C,,4,4,//www.fantacalcio.it/squadre/Fiorentina/EYSSERIC/2290,Fiorentina
BADELJ,C,,6,6,//www.fantacalcio.it/squadre/Fiorentina/BADELJ/170,Fiorentina
BENASSI,C,C,15,15,//www.fantacalcio.it/squadre/Fiorentina/BENASSI/557,Fiorentina
DABO,C,,3,3,//www.fantacalcio.it/squadre/Fiorentina/DABO/2659,Fiorentina
VLAHOVIC,A,Pc,4,4,//www.fantacalcio.it/squadre/Fiorentina/VLAHOVIC/2841,Fiorentina
THEREAU,A,A,1,1,//www.fantacalcio.it/squadre/Fiorentina/THEREAU/606,Fiorentina
BOATENG,A,A,15,15,//www.fantacalcio.it/squadre/Fiorentina/BOATENG/771,Fiorentina
SOTTIL,A,A,3,3,//www.fantacalcio.it/squadre/Fiorentina/SOTTIL/2839,Fiorentina
SIMEONE,A,Pc,14,14,//www.fantacalcio.it/squadre/Fiorentina/SIMEONE/2061,Fiorentina
RADU I,P,Por,8,8,//www.fantacalcio.it/squadre/Genoa/RADU-I/1843,Genoa
MARCHETTI,P,Por,1,1,//www.fantacalcio.it/squadre/Genoa/MARCHETTI/318,Genoa
JANDREI,P,Por,1,1,//www.fantacalcio.it/squadre/Genoa/JANDREI/4325,Genoa
VODISEK,P,Por,1,1,//www.fantacalcio.it/squadre/Genoa/VODISEK/2761,Genoa
PAJAC,D,,5,5,//www.fantacalcio.it/squadre/Genoa/PAJAC/1876,Genoa
CRISCITO,D,,13,13,//www.fantacalcio.it/squadre/Genoa/CRISCITO/2759,Genoa
ROMERO C,D,Dc,9,9,//www.fantacalcio.it/squadre/Genoa/ROMERO-C/4307,Genoa
BIRASCHI,D,,8,8,//www.fantacalcio.it/squadre/Genoa/BIRASCHI/2083,Genoa
RIZZO N,D,Dc,1,1,//www.fantacalcio.it/squadre/Genoa/RIZZO-N/4392,Genoa
BARRECA,D,,6,6,//www.fantacalcio.it/squadre/Genoa/BARRECA/1979,Genoa
GHIGLIONE,D,,3,3,//www.fantacalcio.it/squadre/Genoa/GHIGLIONE/244,Genoa
EL YAMIQ,D,Dc,2,2,//www.fantacalcio.it/squadre/Genoa/EL-YAMIQ/2664,Genoa
ZAPATA C,D,Dc,8,8,//www.fantacalcio.it/squadre/Genoa/ZAPATA-C/365,Genoa
JAGIELLO,C,C,5,5,//www.fantacalcio.it/squadre/Genoa/JAGIELLO/4384,Genoa
ROVELLA,C,,1,1,//www.fantacalcio.it/squadre/Genoa/ROVELLA/4459,Genoa
AGUDELO,C,C,4,4,//www.fantacalcio.it/squadre/Genoa/AGUDELO/4515,Genoa
HILJEMARK,C,C,5,5,//www.fantacalcio.it/squadre/Genoa/HILJEMARK/433,Genoa
ROMULO,C,,7,7,//www.fantacalcio.it/squadre/Genoa/ROMULO/621,Genoa
ZENNARO,C,,1,1,//www.fantacalcio.it/squadre/Genoa/ZENNARO/4383,Genoa
SCHONE,C,C,11,11,//www.fantacalcio.it/squadre/Genoa/SCHONE/4512,Genoa
CASSATA,C,C,2,2,//www.fantacalcio.it/squadre/Genoa/CASSATA/2213,Genoa
RADOVANOVIC,C,M,6,6,//www.fantacalcio.it/squadre/Genoa/RADOVANOVIC/118,Genoa
STURARO,C,,6,6,//www.fantacalcio.it/squadre/Genoa/STURARO/305,Genoa
SAPONARA,C,T,10,10,//www.fantacalcio.it/squadre/Genoa/SAPONARA/150,Genoa
LERAGER,C,,6,6,//www.fantacalcio.it/squadre/Genoa/LERAGER/4330,Genoa
SANDRO,C,,2,2,//www.fantacalcio.it/squadre/Genoa/SANDRO/2646,Genoa
PINAMONTI,A,Pc,20,20,//www.fantacalcio.it/squadre/Genoa/PINAMONTI/2038,Genoa
FAVILLI,A,Pc,5,5,//www.fantacalcio.it/squadre/Genoa/FAVILLI/819,Genoa
PANDEV,A,,10,10,//www.fantacalcio.it/squadre/Genoa/PANDEV/245,Genoa
KOUAME',A,A,16,16,//www.fantacalcio.it/squadre/Genoa/KOUAME/2762,Genoa
SANABRIA,A,Pc,10,10,//www.fantacalcio.it/squadre/Genoa/SANABRIA/479,Genoa
GUMUS,A,A,6,6,//www.fantacalcio.it/squadre/Genoa/GUMUS/4381,Genoa
BERNI,P,Por,1,1,//www.fantacalcio.it/squadre/Inter/BERNI/248,Inter
PADELLI,P,Por,1,1,//www.fantacalcio.it/squadre/Inter/PADELLI/543,Inter
HANDANOVIC,P,Por,18,18,//www.fantacalcio.it/squadre/Inter/HANDANOVIC/250,Inter
BASTONI,D,Dc,4,4,//www.fantacalcio.it/squadre/Inter/BASTONI/2120,Inter
DIMARCO,D,,3,3,//www.fantacalcio.it/squadre/Inter/DIMARCO/254,Inter
ASAMOAH,D,,10,10,//www.fantacalcio.it/squadre/Inter/ASAMOAH/295,Inter
DE VRIJ,D,Dc,13,13,//www.fantacalcio.it/squadre/Inter/DE-VRIJ/322,Inter
SKRINIAR,D,Dc,15,15,//www.fantacalcio.it/squadre/Inter/SKRINIAR/798,Inter
D'AMBROSIO,D,,9,9,//www.fantacalcio.it/squadre/Inter/DAMBROSIO/253,Inter
RANOCCHIA,D,Dc,2,2,//www.fantacalcio.it/squadre/Inter/RANOCCHIA/261,Inter
DALBERT,D,,3,3,//www.fantacalcio.it/squadre/Inter/DALBERT/2289,Inter
GODIN,D,Dc,14,14,//www.fantacalcio.it/squadre/Inter/GODIN/2572,Inter
AGOUME,C,C,1,1,//www.fantacalcio.it/squadre/Inter/AGOUME/4411,Inter
CANDREVA,C,,7,7,//www.fantacalcio.it/squadre/Inter/CANDREVA/332,Inter
SENSI,C,C,13,13,//www.fantacalcio.it/squadre/Inter/SENSI/1978,Inter
BROZOVIC,C,C,11,11,//www.fantacalcio.it/squadre/Inter/BROZOVIC/265,Inter
LAZARO,C,E,8,8,//www.fantacalcio.it/squadre/Inter/LAZARO/4385,Inter
BORJA VALERO,C,C,3,3,//www.fantacalcio.it/squadre/Inter/BORJA-VALERO/172,Inter
JOAO MARIO,C,,4,4,//www.fantacalcio.it/squadre/Inter/JOAO-MARIO/2078,Inter
BARELLA,C,,15,15,//www.fantacalcio.it/squadre/Inter/BARELLA/1870,Inter
GAGLIARDINI,C,,8,8,//www.fantacalcio.it/squadre/Inter/GAGLIARDINI/801,Inter
VECINO,C,,8,8,//www.fantacalcio.it/squadre/Inter/VECINO/181,Inter
MARTINEZ L,A,Pc,26,26,//www.fantacalcio.it/squadre/Inter/MARTINEZ-L/2764,Inter
ICARDI,A,Pc,31,31,//www.fantacalcio.it/squadre/Inter/ICARDI/277,Inter
LUKAKU R,A,Pc,35,35,//www.fantacalcio.it/squadre/Inter/LUKAKU-R/2531,Inter
ESPOSITO SE,A,Pc,1,1,//www.fantacalcio.it/squadre/Inter/ESPOSITO-SE/4463,Inter
SALCEDO E,A,Pc,1,1,//www.fantacalcio.it/squadre/Inter/SALCEDO-E/2304,Inter
POLITANO,A,,12,12,//www.fantacalcio.it/squadre/Inter/POLITANO/536,Inter
BUFFON,P,Por,4,4,//www.fantacalcio.it/squadre/Juventus/BUFFON/282,Juventus
SZCZESNY,P,Por,17,17,//www.fantacalcio.it/squadre/Juventus/SZCZESNY/453,Juventus
PINSOGLIO,P,Por,1,1,//www.fantacalcio.it/squadre/Juventus/PINSOGLIO/1930,Juventus
PERIN,P,Por,1,1,//www.fantacalcio.it/squadre/Juventus/PERIN/218,Juventus
ALEX SANDRO,D,,14,14,//www.fantacalcio.it/squadre/Juventus/ALEX-SANDRO/662,Juventus
DE SCIGLIO,D,,5,5,//www.fantacalcio.it/squadre/Juventus/DE-SCIGLIO/358,Juventus
DE LIGT,D,Dc,14,14,//www.fantacalcio.it/squadre/Juventus/DE-LIGT/4428,Juventus
CHIELLINI,D,Dc,14,14,//www.fantacalcio.it/squadre/Juventus/CHIELLINI/288,Juventus
RUGANI,D,Dc,7,7,//www.fantacalcio.it/squadre/Juventus/RUGANI/294,Juventus
DANILO,D,,11,11,//www.fantacalcio.it/squadre/Juventus/DANILO/4237,Juventus
BONUCCI,D,Dc,11,11,//www.fantacalcio.it/squadre/Juventus/BONUCCI/286,Juventus
DEMIRAL,D,Dc,8,8,//www.fantacalcio.it/squadre/Juventus/DEMIRAL/4332,Juventus
BERNARDESCHI,C,,19,19,//www.fantacalcio.it/squadre/Juventus/BERNARDESCHI/184,Juventus
FAGIOLI,C,T,1,1,//www.fantacalcio.it/squadre/Juventus/FAGIOLI/4465,Juventus
PJANIC,C,C,16,16,//www.fantacalcio.it/squadre/Juventus/PJANIC/469,Juventus
BENTANCUR,C,C,8,8,//www.fantacalcio.it/squadre/Juventus/BENTANCUR/2166,Juventus
DOUGLAS COSTA,C,W,14,14,//www.fantacalcio.it/squadre/Juventus/DOUGLAS-COSTA/2200,Juventus
NICOLUSSI CAVIGLIA,C,C,1,1,//www.fantacalcio.it/squadre/Juventus/NICOLUSSI-CAVIGLIA/4349,Juventus
RAMSEY,C,T,18,18,//www.fantacalcio.it/squadre/Juventus/RAMSEY/2472,Juventus
CUADRADO,C,,9,9,//www.fantacalcio.it/squadre/Juventus/CUADRADO/697,Juventus
MATUIDI,C,,12,12,//www.fantacalcio.it/squadre/Juventus/MATUIDI/2306,Juventus
RABIOT,C,C,14,14,//www.fantacalcio.it/squadre/Juventus/RABIOT/2379,Juventus
CAN ,C,,14,14,//www.fantacalcio.it/squadre/Juventus/CAN-/2504,Juventus
KHEDIRA,C,C,10,10,//www.fantacalcio.it/squadre/Juventus/KHEDIRA/299,Juventus
PORTANOVA,C,C,1,1,//www.fantacalcio.it/squadre/Juventus/PORTANOVA/4370,Juventus
PJACA,A,A,4,4,//www.fantacalcio.it/squadre/Juventus/PJACA/1998,Juventus
CRISTIANO RONALDO,A,Pc,46,46,//www.fantacalcio.it/squadre/Juventus/CRISTIANO-RONALDO/2610,Juventus
MANDZUKIC,A,Pc,22,22,//www.fantacalcio.it/squadre/Juventus/MANDZUKIC/312,Juventus
HIGUAIN,A,Pc,29,29,//www.fantacalcio.it/squadre/Juventus/HIGUAIN/408,Juventus
DYBALA,A,A,26,26,//www.fantacalcio.it/squadre/Juventus/DYBALA/309,Juventus
GUERRIERI,P,Por,1,1,//www.fantacalcio.it/squadre/Lazio/GUERRIERI/317,Lazio
STRAKOSHA,P,Por,13,13,//www.fantacalcio.it/squadre/Lazio/STRAKOSHA/1934,Lazio
PROTO,P,Por,1,1,//www.fantacalcio.it/squadre/Lazio/PROTO/2770,Lazio
CIPRIANO,D,Dc,1,1,//www.fantacalcio.it/squadre/Lazio/CIPRIANO/4509,Lazio
BASTOS,D,Dc,6,6,//www.fantacalcio.it/squadre/Lazio/BASTOS/2062,Lazio
LUKAKU J,D,E,3,3,//www.fantacalcio.it/squadre/Lazio/LUKAKU-J/1999,Lazio
WALLACE,D,Dc,3,3,//www.fantacalcio.it/squadre/Lazio/WALLACE/2007,Lazio
ACERBI,D,Dc,14,14,//www.fantacalcio.it/squadre/Lazio/ACERBI/513,Lazio
LUIZ FELIPE,D,Dc,7,7,//www.fantacalcio.it/squadre/Lazio/LUIZ-FELIPE/2335,Lazio
VAVRO,D,Dc,9,9,//www.fantacalcio.it/squadre/Lazio/VAVRO/4397,Lazio
JORGE SILVA,D,Dc,2,2,//www.fantacalcio.it/squadre/Lazio/JORGE-SILVA/4467,Lazio
RADU,D,,7,7,//www.fantacalcio.it/squadre/Lazio/RADU/329,Lazio
DURMISI,D,,2,2,//www.fantacalcio.it/squadre/Lazio/DURMISI/2772,Lazio
PATRIC,D,,2,2,//www.fantacalcio.it/squadre/Lazio/PATRIC/327,Lazio
JONY,C,,6,6,//www.fantacalcio.it/squadre/Lazio/JONY/4424,Lazio
LULIC,C,,12,12,//www.fantacalcio.it/squadre/Lazio/LULIC/338,Lazio
CATALDI,C,,5,5,//www.fantacalcio.it/squadre/Lazio/CATALDI/333,Lazio
LUIS ALBERTO,C,T,20,20,//www.fantacalcio.it/squadre/Lazio/LUIS-ALBERTO/2085,Lazio
PAROLO,C,,14,14,//www.fantacalcio.it/squadre/Lazio/PAROLO/342,Lazio
BERISHA V,C,,5,5,//www.fantacalcio.it/squadre/Lazio/BERISHA-V/2771,Lazio
LUCAS LEIVA,C,,9,9,//www.fantacalcio.it/squadre/Lazio/LUCAS-LEIVA/2209,Lazio
MILINKOVIC-SAVIC,C,,23,23,//www.fantacalcio.it/squadre/Lazio/MILINKOVIC-SAVIC/645,Lazio
ANDERSON A,C,T,2,2,//www.fantacalcio.it/squadre/Lazio/ANDERSON-A/4389,Lazio
LAZZARI M,C,E,15,15,//www.fantacalcio.it/squadre/Lazio/LAZZARI-M/2263,Lazio
MARUSIC,C,E,5,5,//www.fantacalcio.it/squadre/Lazio/MARUSIC/2188,Lazio
ADEKANYE,A,A,8,8,//www.fantacalcio.it/squadre/Lazio/ADEKANYE/4388,Lazio
IMMOBILE,A,Pc,34,34,//www.fantacalcio.it/squadre/Lazio/IMMOBILE/785,Lazio
CORREA,A,A,20,20,//www.fantacalcio.it/squadre/Lazio/CORREA/495,Lazio
CAICEDO,A,Pc,14,14,//www.fantacalcio.it/squadre/Lazio/CAICEDO/2284,Lazio
VIGORITO,P,Por,1,1,//www.fantacalcio.it/squadre/Lecce/VIGORITO/2809,lecce
MILLI,P,Por,1,1,//www.fantacalcio.it/squadre/Lecce/MILLI/4469,lecce
GABRIEL,P,Por,6,6,//www.fantacalcio.it/squadre/Lecce/GABRIEL/385,lecce
BLEVE,P,Por,1,1,//www.fantacalcio.it/squadre/Lecce/BLEVE/4468,lecce
GALLO,D,,1,1,//www.fantacalcio.it/squadre/Lecce/GALLO/4502,lecce
ROSSETTINI,D,,5,5,//www.fantacalcio.it/squadre/Lecce/ROSSETTINI/54,lecce
FIAMOZZI,D,,2,2,//www.fantacalcio.it/squadre/Lecce/FIAMOZZI/805,lecce
RICCARDI D,D,Dc,1,1,//www.fantacalcio.it/squadre/Lecce/RICCARDI-D/4473,lecce
CALDERONI,D,,6,6,//www.fantacalcio.it/squadre/Lecce/CALDERONI/4470,lecce
MECCARIELLO,D,Dc,4,4,//www.fantacalcio.it/squadre/Lecce/MECCARIELLO/4472,lecce
RISPOLI,D,,5,5,//www.fantacalcio.it/squadre/Lecce/RISPOLI/423,lecce
BENZAR,D,,6,6,//www.fantacalcio.it/squadre/Lecce/BENZAR/4398,lecce
LUCIONI,D,Dc,5,5,//www.fantacalcio.it/squadre/Lecce/LUCIONI/2241,lecce
VERA,D,,2,2,//www.fantacalcio.it/squadre/Lecce/VERA/4399,lecce
DELL'ORCO,D,,4,4,//www.fantacalcio.it/squadre/Lecce/DELLORCO/517,lecce
MANCOSU,C,T,8,8,//www.fantacalcio.it/squadre/Lecce/MANCOSU/65,lecce
TACHTSIDIS,C,M,5,5,//www.fantacalcio.it/squadre/Lecce/TACHTSIDIS/241,lecce
MAJER,C,,5,5,//www.fantacalcio.it/squadre/Lecce/MAJER/4475,lecce
TABANELLI,C,,3,3,//www.fantacalcio.it/squadre/Lecce/TABANELLI/4476,lecce
HAYE,C,,3,3,//www.fantacalcio.it/squadre/Lecce/HAYE/4474,lecce
SHAKHOV,C,,5,5,//www.fantacalcio.it/squadre/Lecce/SHAKHOV/4400,lecce
PETRICCIONE,C,C,6,6,//www.fantacalcio.it/squadre/Lecce/PETRICCIONE/179,lecce
FARIAS,A,A,11,11,//www.fantacalcio.it/squadre/Lecce/FARIAS/1879,lecce
LO FASO,A,,2,2,//www.fantacalcio.it/squadre/Lecce/LO-FASO/2048,lecce
LAPADULA,A,Pc,14,14,//www.fantacalcio.it/squadre/Lecce/LAPADULA/1939,lecce
LA MANTIA,A,Pc,9,9,//www.fantacalcio.it/squadre/Lecce/LA-MANTIA/4477,lecce
FALCO,A,A,5,5,//www.fantacalcio.it/squadre/Lecce/FALCO/658,lecce
DONNARUMMA AN,P,Por,1,1,//www.fantacalcio.it/squadre/Milan/DONNARUMMA-AN/216,Milan
REINA,P,Por,1,1,//www.fantacalcio.it/squadre/Milan/REINA/387,Milan
DONNARUMMA G,P,Por,15,15,//www.fantacalcio.it/squadre/Milan/DONNARUMMA-G/350,Milan
CALDARA,D,Dc,4,4,//www.fantacalcio.it/squadre/Milan/CALDARA/1847,Milan
MUSACCHIO,D,Dc,7,7,//www.fantacalcio.it/squadre/Milan/MUSACCHIO/2168,Milan
CALABRIA,D,,9,9,//www.fantacalcio.it/squadre/Milan/CALABRIA/357,Milan
HERNANDEZ T,D,,8,8,//www.fantacalcio.it/squadre/Milan/HERNANDEZ-T/4292,Milan
STRINIC,D,,2,2,//www.fantacalcio.it/squadre/Milan/STRINIC/395,Milan
GABBIA,D,Dc,1,1,//www.fantacalcio.it/squadre/Milan/GABBIA/4401,Milan
ROMAGNOLI A,D,Dc,14,14,//www.fantacalcio.it/squadre/Milan/ROMAGNOLI-A/460,Milan
DUARTE,D,Dc,9,9,//www.fantacalcio.it/squadre/Milan/DUARTE/4511,Milan
CONTI,D,,5,5,//www.fantacalcio.it/squadre/Milan/CONTI/11,Milan
RODRIGUEZ R,D,,8,8,//www.fantacalcio.it/squadre/Milan/RODRIGUEZ-R/2169,Milan
BENNACER,C,,10,10,//www.fantacalcio.it/squadre/Milan/BENNACER/2818,Milan
CALHANOGLU,C,T,13,13,//www.fantacalcio.it/squadre/Milan/CALHANOGLU/2194,Milan
LAXALT,C,E,5,5,//www.fantacalcio.it/squadre/Milan/LAXALT/235,Milan
BORINI,C,W,5,5,//www.fantacalcio.it/squadre/Milan/BORINI/2187,Milan
KRUNIC,C,,13,13,//www.fantacalcio.it/squadre/Milan/KRUNIC/148,Milan
BONAVENTURA,C,,16,16,//www.fantacalcio.it/squadre/Milan/BONAVENTURA/367,Milan
KESSIE',C,C,13,13,//www.fantacalcio.it/squadre/Milan/KESSIE/1850,Milan
SUSO,C,,19,19,//www.fantacalcio.it/squadre/Milan/SUSO/375,Milan
BIGLIA,C,,8,8,//www.fantacalcio.it/squadre/Milan/BIGLIA/331,Milan
CASTILLEJO,C,,10,10,//www.fantacalcio.it/squadre/Milan/CASTILLEJO/2692,Milan
PAQUETA',C,T,15,15,//www.fantacalcio.it/squadre/Milan/PAQUETA/4322,Milan
PIATEK,A,Pc,38,38,//www.fantacalcio.it/squadre/Milan/PIATEK/2756,Milan
ANDRE' SILVA,A,Pc,15,15,//www.fantacalcio.it/squadre/Milan/ANDRE-SILVA/2175,Milan
RAFAEL LEAO,A,Pc,22,22,//www.fantacalcio.it/squadre/Milan/RAFAEL-LEAO/4510,Milan
KARNEZIS,P,Por,1,1,//www.fantacalcio.it/squadre/Napoli/KARNEZIS/570,Napoli
OSPINA,P,Por,3,3,//www.fantacalcio.it/squadre/Napoli/OSPINA/2468,Napoli
MERET,P,Por,15,15,//www.fantacalcio.it/squadre/Napoli/MERET/572,Napoli
DI LORENZO,D,,11,11,//www.fantacalcio.it/squadre/Napoli/DI-LORENZO/2816,Napoli
LUPERTO,D,,3,3,//www.fantacalcio.it/squadre/Napoli/LUPERTO/393,Napoli
MARIO RUI,D,,5,5,//www.fantacalcio.it/squadre/Napoli/MARIO-RUI/142,Napoli
CHIRICHES,D,Dc,4,4,//www.fantacalcio.it/squadre/Napoli/CHIRICHES/640,Napoli
KOULIBALY,D,Dc,16,16,//www.fantacalcio.it/squadre/Napoli/KOULIBALY/392,Napoli
MANOLAS,D,Dc,13,13,//www.fantacalcio.it/squadre/Napoli/MANOLAS/459,Napoli
HYSAJ,D,,7,7,//www.fantacalcio.it/squadre/Napoli/HYSAJ/140,Napoli
MALCUIT,D,,8,8,//www.fantacalcio.it/squadre/Napoli/MALCUIT/2860,Napoli
GHOULAM,D,,12,12,//www.fantacalcio.it/squadre/Napoli/GHOULAM/390,Napoli
MAKSIMOVIC,D,,5,5,//www.fantacalcio.it/squadre/Napoli/MAKSIMOVIC/550,Napoli
TONELLI,D,Dc,5,5,//www.fantacalcio.it/squadre/Napoli/TONELLI/144,Napoli
VERDI,C,,17,17,//www.fantacalcio.it/squadre/Napoli/VERDI/376,Napoli
CICIRETTI,C,,1,1,//www.fantacalcio.it/squadre/Napoli/CICIRETTI/2243,Napoli
RUIZ,C,,17,17,//www.fantacalcio.it/squadre/Napoli/RUIZ/2775,Napoli
CALLEJON,C,W,18,18,//www.fantacalcio.it/squadre/Napoli/CALLEJON/406,Napoli
ZIELINSKI,C,,17,17,//www.fantacalcio.it/squadre/Napoli/ZIELINSKI/152,Napoli
ALLAN,C,,14,14,//www.fantacalcio.it/squadre/Napoli/ALLAN/397,Napoli
GAETANO,C,T,1,1,//www.fantacalcio.it/squadre/Napoli/GAETANO/4364,Napoli
YOUNES,C,,8,8,//www.fantacalcio.it/squadre/Napoli/YOUNES/2776,Napoli
ELMAS,C,,7,7,//www.fantacalcio.it/squadre/Napoli/ELMAS/4479,Napoli
MERTENS,A,Pc,28,28,//www.fantacalcio.it/squadre/Napoli/MERTENS/410,Napoli
INSIGNE,A,A,27,27,//www.fantacalcio.it/squadre/Napoli/INSIGNE/409,Napoli
OUNAS,A,A,8,8,//www.fantacalcio.it/squadre/Napoli/OUNAS/2195,Napoli
MILIK,A,Pc,28,28,//www.fantacalcio.it/squadre/Napoli/MILIK/2012,Napoli
COLOMBI,P,Por,1,1,//www.fantacalcio.it/squadre/Parma/COLOMBI/412,Parma
ALASTRA,P,Por,1,1,//www.fantacalcio.it/squadre/Parma/ALASTRA/654,Parma
SEPE,P,Por,8,8,//www.fantacalcio.it/squadre/Parma/SEPE/159,Parma
GAGLIOLO,D,,7,7,//www.fantacalcio.it/squadre/Parma/GAGLIOLO/73,Parma
MINELLI,D,Dc,1,1,//www.fantacalcio.it/squadre/Parma/MINELLI/4480,Parma
DERMAKU,D,Dc,4,4,//www.fantacalcio.it/squadre/Parma/DERMAKU/139,Parma
LAURINI,D,,7,7,//www.fantacalcio.it/squadre/Parma/LAURINI/141,Parma
BRUNO ALVES,D,Dc,9,9,//www.fantacalcio.it/squadre/Parma/BRUNO-ALVES/1864,Parma
IACOPONI,D,,4,4,//www.fantacalcio.it/squadre/Parma/IACOPONI/2801,Parma
GAZZOLA,D,,2,2,//www.fantacalcio.it/squadre/Parma/GAZZOLA/519,Parma
KUCKA,C,,12,12,//www.fantacalcio.it/squadre/Parma/KUCKA/234,Parma
SCOZZARELLA,C,,4,4,//www.fantacalcio.it/squadre/Parma/SCOZZARELLA/2804,Parma
HERNANI,C,,6,6,//www.fantacalcio.it/squadre/Parma/HERNANI/4423,Parma
RIGONI L,C,C,3,3,//www.fantacalcio.it/squadre/Parma/RIGONI-L/438,Parma
BRUGMAN,C,,5,5,//www.fantacalcio.it/squadre/Parma/BRUGMAN/430,Parma
GRASSI,C,C,8,8,//www.fantacalcio.it/squadre/Parma/GRASSI/27,Parma
MACHIN,C,C,1,1,//www.fantacalcio.it/squadre/Parma/MACHIN/666,Parma
BARILLA',C,C,8,8,//www.fantacalcio.it/squadre/Parma/BARILLA/2802,Parma
KULUSEVSKI,C,,4,4,//www.fantacalcio.it/squadre/Parma/KULUSEVSKI/2833,Parma
CORNELIUS,A,Pc,9,9,//www.fantacalcio.it/squadre/Parma/CORNELIUS/2163,Parma
SILIGARDI,A,W,8,8,//www.fantacalcio.it/squadre/Parma/SILIGARDI/637,Parma
CERAVOLO,A,Pc,3,3,//www.fantacalcio.it/squadre/Parma/CERAVOLO/2246,Parma
KARAMOH,A,A,12,12,//www.fantacalcio.it/squadre/Parma/KARAMOH/2325,Parma
BARAYE,A,A,1,1,//www.fantacalcio.it/squadre/Parma/BARAYE/2805,Parma
INGLESE,A,Pc,23,23,//www.fantacalcio.it/squadre/Parma/INGLESE/123,Parma
ADORANTE,A,Pc,1,1,//www.fantacalcio.it/squadre/Parma/ADORANTE/4387,Parma
GERVINHO,A,A,19,19,//www.fantacalcio.it/squadre/Parma/GERVINHO/474,Parma
SPROCATI,A,,6,6,//www.fantacalcio.it/squadre/Parma/SPROCATI/2773,Parma
FUZATO,P,Por,1,1,//www.fantacalcio.it/squadre/Roma/FUZATO/2781,Roma
PAU LOPEZ,P,Por,14,14,//www.fantacalcio.it/squadre/Roma/PAU-LOPEZ/4419,Roma
OLSEN,P,Por,1,1,//www.fantacalcio.it/squadre/Roma/OLSEN/2836,Roma
MIRANTE,P,Por,1,1,//www.fantacalcio.it/squadre/Roma/MIRANTE/41,Roma
BIANDA,D,Dc,1,1,//www.fantacalcio.it/squadre/Roma/BIANDA/2783,Roma
JUAN JESUS,D,,5,5,//www.fantacalcio.it/squadre/Roma/JUAN-JESUS/256,Roma
SPINAZZOLA,D,,7,7,//www.fantacalcio.it/squadre/Roma/SPINAZZOLA/1852,Roma
FLORENZI,D,,10,10,//www.fantacalcio.it/squadre/Roma/FLORENZI/464,Roma
SANTON,D,,3,3,//www.fantacalcio.it/squadre/Roma/SANTON/262,Roma
ZAPPACOSTA,D,,9,9,//www.fantacalcio.it/squadre/Roma/ZAPPACOSTA/554,Roma
FAZIO,D,Dc,9,9,//www.fantacalcio.it/squadre/Roma/FAZIO/2016,Roma
MANCINI G,D,Dc,14,14,//www.fantacalcio.it/squadre/Roma/MANCINI-G/2296,Roma
CETIN,D,Dc,5,5,//www.fantacalcio.it/squadre/Roma/CETIN/4519,Roma
BOUAH,D,,1,1,//www.fantacalcio.it/squadre/Roma/BOUAH/4481,Roma
KOLAROV,D,,15,15,//www.fantacalcio.it/squadre/Roma/KOLAROV/2214,Roma
GONALONS,C,,4,4,//www.fantacalcio.it/squadre/Roma/GONALONS/2193,Roma
PEROTTI,C,W,14,14,//www.fantacalcio.it/squadre/Roma/PEROTTI/237,Roma
ZANIOLO,C,T,16,16,//www.fantacalcio.it/squadre/Roma/ZANIOLO/2766,Roma
DIAWARA,C,,8,8,//www.fantacalcio.it/squadre/Roma/DIAWARA/58,Roma
PELLEGRINI LO,C,,13,13,//www.fantacalcio.it/squadre/Roma/PELLEGRINI-LO/530,Roma
VERETOUT,C,C,14,14,//www.fantacalcio.it/squadre/Roma/VERETOUT/2215,Roma
CRISTANTE,C,C,10,10,//www.fantacalcio.it/squadre/Roma/CRISTANTE/779,Roma
PASTORE,C,T,11,11,//www.fantacalcio.it/squadre/Roma/PASTORE/2378,Roma
UNDER,C,,18,18,//www.fantacalcio.it/squadre/Roma/UNDER/2201,Roma
CORIC,C,T,4,4,//www.fantacalcio.it/squadre/Roma/CORIC/2780,Roma
KLUIVERT,C,W,16,16,//www.fantacalcio.it/squadre/Roma/KLUIVERT/2779,Roma
RICCARDI,C,,1,1,//www.fantacalcio.it/squadre/Roma/RICCARDI/2852,Roma
SCHICK,A,Pc,12,12,//www.fantacalcio.it/squadre/Roma/SCHICK/1974,Roma
DZEKO,A,Pc,30,30,//www.fantacalcio.it/squadre/Roma/DZEKO/647,Roma
DEFREL,A,A,14,14,//www.fantacalcio.it/squadre/Roma/DEFREL/643,Roma
ANTONUCCI,A,A,2,2,//www.fantacalcio.it/squadre/Roma/ANTONUCCI/2657,Roma
AUDERO,P,Por,11,11,//www.fantacalcio.it/squadre/Sampdoria/AUDERO/761,Sampdoria
AVOGADRI,P,Por,1,1,//www.fantacalcio.it/squadre/Sampdoria/AVOGADRI/4523,Sampdoria
FALCONE,P,Por,1,1,//www.fantacalcio.it/squadre/Sampdoria/FALCONE/2134,Sampdoria
CHABOT,D,Dc,4,4,//www.fantacalcio.it/squadre/Sampdoria/CHABOT/4403,Sampdoria
MURILLO,D,Dc,9,9,//www.fantacalcio.it/squadre/Sampdoria/MURILLO/259,Sampdoria
BERESZYNSKI,D,,6,6,//www.fantacalcio.it/squadre/Sampdoria/BERESZYNSKI/2104,Sampdoria
FERRARI A,D,,4,4,//www.fantacalcio.it/squadre/Sampdoria/FERRARI-A/45,Sampdoria
SALA,D,,4,4,//www.fantacalcio.it/squadre/Sampdoria/SALA/630,Sampdoria
AUGELLO,D,,4,4,//www.fantacalcio.it/squadre/Sampdoria/AUGELLO/4421,Sampdoria
DEPAOLI,D,,6,6,//www.fantacalcio.it/squadre/Sampdoria/DEPAOLI/2141,Sampdoria
REGINI,D,,2,2,//www.fantacalcio.it/squadre/Sampdoria/REGINI/490,Sampdoria
COLLEY,D,Dc,7,7,//www.fantacalcio.it/squadre/Sampdoria/COLLEY/2784,Sampdoria
MURRU,D,,8,8,//www.fantacalcio.it/squadre/Sampdoria/MURRU/1868,Sampdoria
BARRETO,C,,5,5,//www.fantacalcio.it/squadre/Sampdoria/BARRETO/494,Sampdoria
LINETTY,C,C,11,11,//www.fantacalcio.it/squadre/Sampdoria/LINETTY/2008,Sampdoria
VIEIRA,C,,4,4,//www.fantacalcio.it/squadre/Sampdoria/VIEIRA/2855,Sampdoria
JANKTO,C,C,9,9,//www.fantacalcio.it/squadre/Sampdoria/JANKTO/1987,Sampdoria
THORSBY,C,C,5,5,//www.fantacalcio.it/squadre/Sampdoria/THORSBY/4404,Sampdoria
EKDAL,C,,7,7,//www.fantacalcio.it/squadre/Sampdoria/EKDAL/2391,Sampdoria
RAMIREZ,C,T,10,10,//www.fantacalcio.it/squadre/Sampdoria/RAMIREZ/2287,Sampdoria
LERIS,C,,5,5,//www.fantacalcio.it/squadre/Sampdoria/LERIS/2334,Sampdoria
CAPEZZI,C,,3,3,//www.fantacalcio.it/squadre/Sampdoria/CAPEZZI/173,Sampdoria
MARONI,C,T,7,7,//www.fantacalcio.it/squadre/Sampdoria/MARONI/4405,Sampdoria
GABBIADINI,A,A,13,13,//www.fantacalcio.it/squadre/Sampdoria/GABBIADINI/407,Sampdoria
CAPRARI,A,A,14,14,//www.fantacalcio.it/squadre/Sampdoria/CAPRARI/1958,Sampdoria
BONAZZOLI,A,Pc,4,4,//www.fantacalcio.it/squadre/Sampdoria/BONAZZOLI/505,Sampdoria
BAHLOULI,A,A,1,1,//www.fantacalcio.it/squadre/Sampdoria/BAHLOULI/4508,Sampdoria
QUAGLIARELLA,A,Pc,34,34,//www.fantacalcio.it/squadre/Sampdoria/QUAGLIARELLA/568,Sampdoria
CONSIGLI,P,Por,10,10,//www.fantacalcio.it/squadre/Sassuolo/CONSIGLI/509,Sassuolo
RUSSO A,P,Por,1,1,//www.fantacalcio.it/squadre/Sassuolo/RUSSO-A/4518,Sassuolo
PEGOLO,P,Por,1,1,//www.fantacalcio.it/squadre/Sassuolo/PEGOLO/510,Sassuolo
GRAVILLON,D,,6,6,//www.fantacalcio.it/squadre/Sassuolo/GRAVILLON/2184,Sassuolo
TOLJAN,D,,7,7,//www.fantacalcio.it/squadre/Sassuolo/TOLJAN/4426,Sassuolo
GOLDANIGA,D,Dc,4,4,//www.fantacalcio.it/squadre/Sassuolo/GOLDANIGA/418,Sassuolo
ROGERIO,D,,7,7,//www.fantacalcio.it/squadre/Sassuolo/ROGERIO/2318,Sassuolo
MULDUR,D,,3,3,//www.fantacalcio.it/squadre/Sassuolo/MULDUR/4521,Sassuolo
FERRARI G,D,Dc,9,9,//www.fantacalcio.it/squadre/Sassuolo/FERRARI-G/1895,Sassuolo
PELUSO,D,,3,3,//www.fantacalcio.it/squadre/Sassuolo/PELUSO/521,Sassuolo
MARLON,D,Dc,6,6,//www.fantacalcio.it/squadre/Sassuolo/MARLON/2355,Sassuolo
TRIPALDELLI,D,,2,2,//www.fantacalcio.it/squadre/Sassuolo/TRIPALDELLI/4406,Sassuolo
DUNCAN,C,,10,10,//www.fantacalcio.it/squadre/Sassuolo/DUNCAN/526,Sassuolo
OBIANG,C,,10,10,//www.fantacalcio.it/squadre/Sassuolo/OBIANG/4501,Sassuolo
DJURICIC,C,T,5,5,//www.fantacalcio.it/squadre/Sassuolo/DJURICIC/1995,Sassuolo
MAZZITELLI,C,C,2,2,//www.fantacalcio.it/squadre/Sassuolo/MAZZITELLI/1976,Sassuolo
BOURABIA,C,C,6,6,//www.fantacalcio.it/squadre/Sassuolo/BOURABIA/2825,Sassuolo
MAGNANELLI,C,M,5,5,//www.fantacalcio.it/squadre/Sassuolo/MAGNANELLI/528,Sassuolo
LOCATELLI M,C,,11,11,//www.fantacalcio.it/squadre/Sassuolo/LOCATELLI-M/827,Sassuolo
TRAORE' HJ,C,,11,11,//www.fantacalcio.it/squadre/Sassuolo/TRAORE-HJ/2857,Sassuolo
BOGA,A,,12,12,//www.fantacalcio.it/squadre/Sassuolo/BOGA/2832,Sassuolo
RASPADORI,A,Pc,1,1,//www.fantacalcio.it/squadre/Sassuolo/RASPADORI/4371,Sassuolo
BERARDI,A,A,18,18,//www.fantacalcio.it/squadre/Sassuolo/BERARDI/531,Sassuolo
MATRI,A,Pc,4,4,//www.fantacalcio.it/squadre/Sassuolo/MATRI/380,Sassuolo
CAPUTO,A,Pc,26,26,//www.fantacalcio.it/squadre/Sassuolo/CAPUTO/2819,Sassuolo
BABACAR,A,Pc,14,14,//www.fantacalcio.it/squadre/Sassuolo/BABACAR/183,Sassuolo
BRIGNOLA,A,A,3,3,//www.fantacalcio.it/squadre/Sassuolo/BRIGNOLA/2317,Sassuolo
BERISHA E,P,Por,8,8,//www.fantacalcio.it/squadre/SPAL/BERISHA-E/316,Spal
LETICA,P,Por,1,1,//www.fantacalcio.it/squadre/SPAL/LETICA/4520,Spal
THIAM D,P,Por,1,1,//www.fantacalcio.it/squadre/SPAL/THIAM-D/4485,Spal
FELIPE,D,Dc,6,6,//www.fantacalcio.it/squadre/SPAL/FELIPE/708,Spal
VICARI,D,Dc,7,7,//www.fantacalcio.it/squadre/SPAL/VICARI/2261,Spal
DICKMANN,D,,3,3,//www.fantacalcio.it/squadre/SPAL/DICKMANN/2787,Spal
VAISANEN,D,Dc,1,1,//www.fantacalcio.it/squadre/SPAL/VAISANEN/2212,Spal
CIONEK,D,Dc,7,7,//www.fantacalcio.it/squadre/SPAL/CIONEK/780,Spal
SALAMON,D,Dc,3,3,//www.fantacalcio.it/squadre/SPAL/SALAMON/491,Spal
IGOR,D,,7,7,//www.fantacalcio.it/squadre/SPAL/IGOR/4407,Spal
JANKOVIC,C,,3,3,//www.fantacalcio.it/squadre/SPAL/JANKOVIC/4338,Spal
STREFEZZA,C,,1,1,//www.fantacalcio.it/squadre/SPAL/STREFEZZA/4486,Spal
FARES,C,E,7,7,//www.fantacalcio.it/squadre/SPAL/FARES/633,Spal
MURGIA,C,,7,7,//www.fantacalcio.it/squadre/SPAL/MURGIA/2003,Spal
VIVIANI,C,,4,4,//www.fantacalcio.it/squadre/SPAL/VIVIANI/631,Spal
DI FRANCESCO F,C,W,11,11,//www.fantacalcio.it/squadre/SPAL/DI-FRANCESCO-F/1857,Spal
MISSIROLI,C,,6,6,//www.fantacalcio.it/squadre/SPAL/MISSIROLI/529,Spal
VALOTI,C,,6,6,//www.fantacalcio.it/squadre/SPAL/VALOTI/2274,Spal
D'ALESSANDRO,C,E,7,7,//www.fantacalcio.it/squadre/SPAL/DALESSANDRO/21,Spal
KURTIC,C,,16,16,//www.fantacalcio.it/squadre/SPAL/KURTIC/28,Spal
VALDIFIORI,C,C,3,3,//www.fantacalcio.it/squadre/SPAL/VALDIFIORI/405,Spal
FLOCCARI,A,Pc,7,7,//www.fantacalcio.it/squadre/SPAL/FLOCCARI/533,Spal
PETAGNA,A,Pc,25,25,//www.fantacalcio.it/squadre/SPAL/PETAGNA/383,Spal
PALOSCHI,A,Pc,9,9,//www.fantacalcio.it/squadre/SPAL/PALOSCHI/126,Spal
MONCINI,A,Pc,5,5,//www.fantacalcio.it/squadre/SPAL/MONCINI/2853,Spal
ROSATI,P,Por,1,1,//www.fantacalcio.it/squadre/Torino/ROSATI/2790,Torino
ZACCAGNO,P,Por,1,1,//www.fantacalcio.it/squadre/Torino/ZACCAGNO/2270,Torino
SIRIGU,P,Por,14,14,//www.fantacalcio.it/squadre/Torino/SIRIGU/2179,Torino
BONIFAZI,D,Dc,8,8,//www.fantacalcio.it/squadre/Torino/BONIFAZI/2192,Torino
DJIDJI,D,,7,7,//www.fantacalcio.it/squadre/Torino/DJIDJI/2869,Torino
N'KOULOU,D,Dc,15,15,//www.fantacalcio.it/squadre/Torino/NKOULOU/2288,Torino
AINA,D,E,8,8,//www.fantacalcio.it/squadre/Torino/AINA/2865,Torino
DE SILVESTRI,D,,10,10,//www.fantacalcio.it/squadre/Torino/DE-SILVESTRI/487,Torino
LYANCO,D,Dc,8,8,//www.fantacalcio.it/squadre/Torino/LYANCO/2171,Torino
BUONGIORNO,D,Dc,1,1,//www.fantacalcio.it/squadre/Torino/BUONGIORNO/2724,Torino
IZZO,D,,16,16,//www.fantacalcio.it/squadre/Torino/IZZO/226,Torino
BREMER,D,Dc,4,4,//www.fantacalcio.it/squadre/Torino/BREMER/2788,Torino
GILLI,D,,1,1,//www.fantacalcio.it/squadre/Torino/GILLI/4488,Torino
DE ANGELIS,C,,1,1,//www.fantacalcio.it/squadre/Torino/DE-ANGELIS/4490,Torino
PARIGINI,C,W,2,2,//www.fantacalcio.it/squadre/Torino/PARIGINI/1982,Torino
BERENGUER,C,W,8,8,//www.fantacalcio.it/squadre/Torino/BERENGUER/2205,Torino
MEITE',C,,9,9,//www.fantacalcio.it/squadre/Torino/MEITE/2789,Torino
BASELLI,C,,10,10,//www.fantacalcio.it/squadre/Torino/BASELLI/556,Torino
LUKIC,C,C,5,5,//www.fantacalcio.it/squadre/Torino/LUKIC/2009,Torino
ANSALDI,C,E,13,13,//www.fantacalcio.it/squadre/Torino/ANSALDI/706,Torino
GUSTAFSON,C,,3,3,//www.fantacalcio.it/squadre/Torino/GUSTAFSON/2057,Torino
RINCON,C,M,8,8,//www.fantacalcio.it/squadre/Torino/RINCON/238,Torino
IAGO FALQUE,A,A,21,21,//www.fantacalcio.it/squadre/Torino/IAGO-FALQUE/475,Torino
EDERA,A,A,4,4,//www.fantacalcio.it/squadre/Torino/EDERA/1839,Torino
ZAZA,A,Pc,12,12,//www.fantacalcio.it/squadre/Torino/ZAZA/315,Torino
BELOTTI,A,Pc,30,30,//www.fantacalcio.it/squadre/Torino/BELOTTI/441,Torino
RAUTI,A,Pc,1,1,//www.fantacalcio.it/squadre/Torino/RAUTI/4489,Torino
MILLICO,A,A,1,1,//www.fantacalcio.it/squadre/Torino/MILLICO/4346,Torino
MUSSO,P,Por,9,9,//www.fantacalcio.it/squadre/Udinese/MUSSO/2792,Udinese
PERISAN,P,Por,1,1,//www.fantacalcio.it/squadre/Udinese/PERISAN/673,Udinese
NICOLAS,P,Por,1,1,//www.fantacalcio.it/squadre/Udinese/NICOLAS/2271,Udinese
NUYTINCK,D,Dc,4,4,//www.fantacalcio.it/squadre/Udinese/NUYTINCK/2280,Udinese
SAMIR,D,,7,7,//www.fantacalcio.it/squadre/Udinese/SAMIR/790,Udinese
TROOST-EKONG,D,Dc,5,5,//www.fantacalcio.it/squadre/Udinese/TROOST-EKONG/2870,Udinese
DE MAIO,D,Dc,6,6,//www.fantacalcio.it/squadre/Udinese/DE-MAIO/224,Udinese
RODRIGO BECAO,D,Dc,7,7,//www.fantacalcio.it/squadre/Udinese/RODRIGO-BECAO/4412,Udinese
TER AVEST,D,,4,4,//www.fantacalcio.it/squadre/Udinese/TER-AVEST/2795,Udinese
PEZZELLA GIU,D,,5,5,//www.fantacalcio.it/squadre/Udinese/PEZZELLA-GIU/770,Udinese
STRYGER LARSEN,D,,7,7,//www.fantacalcio.it/squadre/Udinese/STRYGER-LARSEN/2315,Udinese
OPOKU,D,Dc,2,2,//www.fantacalcio.it/squadre/Udinese/OPOKU/2793,Udinese
SIERRALTA,D,,2,2,//www.fantacalcio.it/squadre/Udinese/SIERRALTA/4302,Udinese
DE PAUL,C,,22,22,//www.fantacalcio.it/squadre/Udinese/DE-PAUL/1996,Udinese
MANDRAGORA,C,,8,8,//www.fantacalcio.it/squadre/Udinese/MANDRAGORA/1933,Udinese
WALACE,C,M,7,7,//www.fantacalcio.it/squadre/Udinese/WALACE/2392,Udinese
COULIBALY,C,C,1,1,//www.fantacalcio.it/squadre/Udinese/COULIBALY/2144,Udinese
JAJALO,C,,4,4,//www.fantacalcio.it/squadre/Udinese/JAJALO/434,Udinese
BARAK,C,T,11,11,//www.fantacalcio.it/squadre/Udinese/BARAK/2172,Udinese
INGELSSON,C,,1,1,//www.fantacalcio.it/squadre/Udinese/INGELSSON/2191,Udinese
BALIC,C,,5,5,//www.fantacalcio.it/squadre/Udinese/BALIC/813,Udinese
FOFANA,C,,11,11,//www.fantacalcio.it/squadre/Udinese/FOFANA/1986,Udinese
SEMA,C,E,5,5,//www.fantacalcio.it/squadre/Udinese/SEMA/4524,Udinese
NESTOROVSKI,A,Pc,10,10,//www.fantacalcio.it/squadre/Udinese/NESTOROVSKI/1943,Udinese
MICIN,A,A,1,1,//www.fantacalcio.it/squadre/Udinese/MICIN/2794,Udinese
TEODORCZYK,A,Pc,8,8,//www.fantacalcio.it/squadre/Udinese/TEODORCZYK/2873,Udinese
MATOS,A,,3,3,//www.fantacalcio.it/squadre/Udinese/MATOS/92,Udinese
PUSSETTO,A,,11,11,//www.fantacalcio.it/squadre/Udinese/PUSSETTO/2826,Udinese
LASAGNA,A,Pc,16,16,//www.fantacalcio.it/squadre/Udinese/LASAGNA/90,Udinese
PERICA,A,Pc,3,3,//www.fantacalcio.it/squadre/Udinese/PERICA/605,Udinese
BORGHETTO,P,Por,1,1,//www.fantacalcio.it/squadre/Verona/BORGHETTO/4410,Verona
BERARDI A,P,Por,1,1,//www.fantacalcio.it/squadre/Verona/BERARDI-A/4491,Verona
SILVESTRI,P,Por,6,6,//www.fantacalcio.it/squadre/Verona/SILVESTRI/2211,Verona
RADUNOVIC,P,Por,1,1,//www.fantacalcio.it/squadre/Verona/RADUNOVIC/3,Verona
CRESCENZI,D,,1,1,//www.fantacalcio.it/squadre/Verona/CRESCENZI/457,Verona
GUNTER,D,Dc,5,5,//www.fantacalcio.it/squadre/Verona/GUNTER/2758,Verona
VITALE L,D,,4,4,//www.fantacalcio.it/squadre/Verona/VITALE-L/4496,Verona
BOCCHETTI,D,,7,7,//www.fantacalcio.it/squadre/Verona/BOCCHETTI/4420,Verona
FARAONI,D,,4,4,//www.fantacalcio.it/squadre/Verona/FARAONI/581,Verona
RRAHMANI,D,,4,4,//www.fantacalcio.it/squadre/Verona/RRAHMANI/4409,Verona
ADJAPONG,D,,3,3,//www.fantacalcio.it/squadre/Verona/ADJAPONG/824,Verona
EMPEREUR,D,,4,4,//www.fantacalcio.it/squadre/Verona/EMPEREUR/4494,Verona
MARRONE,D,Dc,4,4,//www.fantacalcio.it/squadre/Verona/MARRONE/84,Verona
DAWIDOWICZ,D,Dc,5,5,//www.fantacalcio.it/squadre/Verona/DAWIDOWICZ/4493,Verona
KUMBULLA,D,Dc,1,1,//www.fantacalcio.it/squadre/Verona/KUMBULLA/4495,Verona
DI GAUDIO,C,W,4,4,//www.fantacalcio.it/squadre/Verona/DI-GAUDIO/81,Verona
ZACCAGNI,C,,9,9,//www.fantacalcio.it/squadre/Verona/ZACCAGNI/632,Verona
DANZI,C,,2,2,//www.fantacalcio.it/squadre/Verona/DANZI/2726,Verona
MIGUEL VELOSO,C,,5,5,//www.fantacalcio.it/squadre/Verona/MIGUEL-VELOSO/2011,Verona
AMRABAT,C,,4,4,//www.fantacalcio.it/squadre/Verona/AMRABAT/4522,Verona
BESSA,C,,9,9,//www.fantacalcio.it/squadre/Verona/BESSA/264,Verona
LUCAS FELIPPE,C,C,1,1,//www.fantacalcio.it/squadre/Verona/LUCAS-FELIPPE/4499,Verona
LAZOVIC,C,,7,7,//www.fantacalcio.it/squadre/Verona/LAZOVIC/236,Verona
VERRE,C,,6,6,//www.fantacalcio.it/squadre/Verona/VERRE/600,Verona
BADU,C,,6,6,//www.fantacalcio.it/squadre/Verona/BADU/589,Verona
HENDERSON L,C,C,4,4,//www.fantacalcio.it/squadre/Verona/HENDERSON-L/4498,Verona
TUTINO,A,A,1,1,//www.fantacalcio.it/squadre/Verona/TUTINO/4507,Verona
RAGUSA,A,A,3,3,//www.fantacalcio.it/squadre/Verona/RAGUSA/2073,Verona
PAZZINI,A,Pc,10,10,//www.fantacalcio.it/squadre/Verona/PAZZINI/636,Verona
LEE,A,A,5,5,//www.fantacalcio.it/squadre/Verona/LEE/2324,Verona
DI CARMINE,A,Pc,13,13,//www.fantacalcio.it/squadre/Verona/DI-CARMINE/4500,Verona
TUPTA,A,Pc,1,1,//www.fantacalcio.it/squadre/Verona/TUPTA/767,Verona
